-- ============================================================
-- Community Cricket — Seed Data
-- Run AFTER 001_initial_schema.sql
-- IDs generated by: 00000000-0000-0000-{cat_hex}-{n_hex}
--   cat 1=team  2=player  3=pair  4=match  5=innings
-- ============================================================

-- ── Tournament ────────────────────────────────────────────────────────────
insert into tournaments (id, name, season) values
  ('00000000-0000-0000-0000-000000000001', 'Community Cricket', '2026')
on conflict (id) do nothing;

-- ── Teams ─────────────────────────────────────────────────────────────────
insert into teams (id, tournament_id, name, short_name) values
  ('00000000-0000-0000-0001-000000000001', '00000000-0000-0000-0000-000000000001', 'Sparkle Strikers',  'SS'),
  ('00000000-0000-0000-0001-000000000002', '00000000-0000-0000-0000-000000000001', 'Nishant''s Angles', 'NA'),
  ('00000000-0000-0000-0001-000000000003', '00000000-0000-0000-0000-000000000001', 'Anay Strikers',     'AS'),
  ('00000000-0000-0000-0001-000000000004', '00000000-0000-0000-0000-000000000001', 'Modi Sarkar',       'MS'),
  ('00000000-0000-0000-0001-000000000005', '00000000-0000-0000-0000-000000000001', 'Kashvat Strikers',  'KS'),
  ('00000000-0000-0000-0001-000000000006', '00000000-0000-0000-0000-000000000001', 'Anita Stars',       'ATS')
on conflict (id) do nothing;

-- ── Players — Sparkle Strikers (1–14) ────────────────────────────────────
insert into players (id, team_id, name, jersey_number, role, is_captain) values
  ('00000000-0000-0000-0002-000000000001', '00000000-0000-0000-0001-000000000001', 'Disha Sanghvi', 1,  'allrounder', true),
  ('00000000-0000-0000-0002-000000000002', '00000000-0000-0000-0001-000000000001', 'Priya P.',      2,  'allrounder', false),
  ('00000000-0000-0000-0002-000000000003', '00000000-0000-0000-0001-000000000001', 'Ananya K.',     3,  'allrounder', false),
  ('00000000-0000-0000-0002-000000000004', '00000000-0000-0000-0001-000000000001', 'Riya S.',       4,  'allrounder', false),
  ('00000000-0000-0000-0002-000000000005', '00000000-0000-0000-0001-000000000001', 'Pooja V.',      5,  'allrounder', false),
  ('00000000-0000-0000-0002-000000000006', '00000000-0000-0000-0001-000000000001', 'Neha G.',       6,  'allrounder', false),
  ('00000000-0000-0000-0002-000000000007', '00000000-0000-0000-0001-000000000001', 'Sakshi S.',     7,  'allrounder', false),
  ('00000000-0000-0000-0002-000000000008', '00000000-0000-0000-0001-000000000001', 'Divya N.',      8,  'allrounder', false),
  ('00000000-0000-0000-0002-000000000009', '00000000-0000-0000-0001-000000000001', 'Meera J.',      9,  'allrounder', false),
  ('00000000-0000-0000-0002-00000000000a', '00000000-0000-0000-0001-000000000001', 'Shreya R.',     10, 'allrounder', false),
  ('00000000-0000-0000-0002-00000000000b', '00000000-0000-0000-0001-000000000001', 'Kavya M.',      11, 'allrounder', false),
  ('00000000-0000-0000-0002-00000000000c', '00000000-0000-0000-0001-000000000001', 'Tanvi S.',      12, 'allrounder', false),
  ('00000000-0000-0000-0002-00000000000d', '00000000-0000-0000-0001-000000000001', 'Anika B.',      13, 'allrounder', false),
  ('00000000-0000-0000-0002-00000000000e', '00000000-0000-0000-0001-000000000001', 'Priyanka T.',   14, 'allrounder', false)
on conflict (id) do nothing;

-- ── Players — Nishant's Angles (15–28) ───────────────────────────────────
insert into players (id, team_id, name, jersey_number, role, is_captain) values
  ('00000000-0000-0000-0002-00000000000f', '00000000-0000-0000-0001-000000000002', 'Siya Shah', 1,  'allrounder', true),
  ('00000000-0000-0000-0002-000000000010', '00000000-0000-0000-0001-000000000002', 'Kriti P.',  2,  'allrounder', false),
  ('00000000-0000-0000-0002-000000000011', '00000000-0000-0000-0001-000000000002', 'Aisha R.',  3,  'allrounder', false),
  ('00000000-0000-0000-0002-000000000012', '00000000-0000-0000-0001-000000000002', 'Zara K.',   4,  'allrounder', false),
  ('00000000-0000-0000-0002-000000000013', '00000000-0000-0000-0001-000000000002', 'Maya Ka.',  5,  'allrounder', false),
  ('00000000-0000-0000-0002-000000000014', '00000000-0000-0000-0001-000000000002', 'Priya I.',  6,  'allrounder', false),
  ('00000000-0000-0000-0002-000000000015', '00000000-0000-0000-0001-000000000002', 'Sonia D.',  7,  'allrounder', false),
  ('00000000-0000-0000-0002-000000000016', '00000000-0000-0000-0001-000000000002', 'Ria Sh.',   8,  'allrounder', false),
  ('00000000-0000-0000-0002-000000000017', '00000000-0000-0000-0001-000000000002', 'Tara M.',   9,  'allrounder', false),
  ('00000000-0000-0000-0002-000000000018', '00000000-0000-0000-0001-000000000002', 'Nina R.',   10, 'allrounder', false),
  ('00000000-0000-0000-0002-000000000019', '00000000-0000-0000-0001-000000000002', 'Leela P.',  11, 'allrounder', false),
  ('00000000-0000-0000-0002-00000000001a', '00000000-0000-0000-0001-000000000002', 'Mia S.',    12, 'allrounder', false),
  ('00000000-0000-0000-0002-00000000001b', '00000000-0000-0000-0001-000000000002', 'Anya B.',   13, 'allrounder', false),
  ('00000000-0000-0000-0002-00000000001c', '00000000-0000-0000-0001-000000000002', 'Tiya C.',   14, 'allrounder', false)
on conflict (id) do nothing;

-- ── Players — Anay Strikers (29–42) ──────────────────────────────────────
insert into players (id, team_id, name, jersey_number, role, is_captain) values
  ('00000000-0000-0000-0002-00000000001d', '00000000-0000-0000-0001-000000000003', 'Aarya Sadhani', 1, 'allrounder', true),
  ('00000000-0000-0000-0002-00000000001e', '00000000-0000-0000-0001-000000000003', 'Player 2',  2, 'allrounder', false),
  ('00000000-0000-0000-0002-00000000001f', '00000000-0000-0000-0001-000000000003', 'Player 3',  3, 'allrounder', false),
  ('00000000-0000-0000-0002-000000000020', '00000000-0000-0000-0001-000000000003', 'Player 4',  4, 'allrounder', false),
  ('00000000-0000-0000-0002-000000000021', '00000000-0000-0000-0001-000000000003', 'Player 5',  5, 'allrounder', false),
  ('00000000-0000-0000-0002-000000000022', '00000000-0000-0000-0001-000000000003', 'Player 6',  6, 'allrounder', false),
  ('00000000-0000-0000-0002-000000000023', '00000000-0000-0000-0001-000000000003', 'Player 7',  7, 'allrounder', false),
  ('00000000-0000-0000-0002-000000000024', '00000000-0000-0000-0001-000000000003', 'Player 8',  8, 'allrounder', false),
  ('00000000-0000-0000-0002-000000000025', '00000000-0000-0000-0001-000000000003', 'Player 9',  9, 'allrounder', false),
  ('00000000-0000-0000-0002-000000000026', '00000000-0000-0000-0001-000000000003', 'Player 10', 10,'allrounder', false),
  ('00000000-0000-0000-0002-000000000027', '00000000-0000-0000-0001-000000000003', 'Player 11', 11,'allrounder', false),
  ('00000000-0000-0000-0002-000000000028', '00000000-0000-0000-0001-000000000003', 'Player 12', 12,'allrounder', false),
  ('00000000-0000-0000-0002-000000000029', '00000000-0000-0000-0001-000000000003', 'Player 13', 13,'allrounder', false),
  ('00000000-0000-0000-0002-00000000002a', '00000000-0000-0000-0001-000000000003', 'Player 14', 14,'allrounder', false)
on conflict (id) do nothing;

-- ── Players — Modi Sarkar (43–56) ─────────────────────────────────────────
insert into players (id, team_id, name, jersey_number, role, is_captain) values
  ('00000000-0000-0000-0002-00000000002b', '00000000-0000-0000-0001-000000000004', 'Peher Modi', 1, 'allrounder', true),
  ('00000000-0000-0000-0002-00000000002c', '00000000-0000-0000-0001-000000000004', 'Player 2',  2, 'allrounder', false),
  ('00000000-0000-0000-0002-00000000002d', '00000000-0000-0000-0001-000000000004', 'Player 3',  3, 'allrounder', false),
  ('00000000-0000-0000-0002-00000000002e', '00000000-0000-0000-0001-000000000004', 'Player 4',  4, 'allrounder', false),
  ('00000000-0000-0000-0002-00000000002f', '00000000-0000-0000-0001-000000000004', 'Player 5',  5, 'allrounder', false),
  ('00000000-0000-0000-0002-000000000030', '00000000-0000-0000-0001-000000000004', 'Player 6',  6, 'allrounder', false),
  ('00000000-0000-0000-0002-000000000031', '00000000-0000-0000-0001-000000000004', 'Player 7',  7, 'allrounder', false),
  ('00000000-0000-0000-0002-000000000032', '00000000-0000-0000-0001-000000000004', 'Player 8',  8, 'allrounder', false),
  ('00000000-0000-0000-0002-000000000033', '00000000-0000-0000-0001-000000000004', 'Player 9',  9, 'allrounder', false),
  ('00000000-0000-0000-0002-000000000034', '00000000-0000-0000-0001-000000000004', 'Player 10', 10,'allrounder', false),
  ('00000000-0000-0000-0002-000000000035', '00000000-0000-0000-0001-000000000004', 'Player 11', 11,'allrounder', false),
  ('00000000-0000-0000-0002-000000000036', '00000000-0000-0000-0001-000000000004', 'Player 12', 12,'allrounder', false),
  ('00000000-0000-0000-0002-000000000037', '00000000-0000-0000-0001-000000000004', 'Player 13', 13,'allrounder', false),
  ('00000000-0000-0000-0002-000000000038', '00000000-0000-0000-0001-000000000004', 'Player 14', 14,'allrounder', false)
on conflict (id) do nothing;

-- ── Players — Kashvat Strikers (57–70) ────────────────────────────────────
insert into players (id, team_id, name, jersey_number, role, is_captain) values
  ('00000000-0000-0000-0002-000000000039', '00000000-0000-0000-0001-000000000005', 'Hiya Gandhi', 1, 'allrounder', true),
  ('00000000-0000-0000-0002-00000000003a', '00000000-0000-0000-0001-000000000005', 'Player 2',  2, 'allrounder', false),
  ('00000000-0000-0000-0002-00000000003b', '00000000-0000-0000-0001-000000000005', 'Player 3',  3, 'allrounder', false),
  ('00000000-0000-0000-0002-00000000003c', '00000000-0000-0000-0001-000000000005', 'Player 4',  4, 'allrounder', false),
  ('00000000-0000-0000-0002-00000000003d', '00000000-0000-0000-0001-000000000005', 'Player 5',  5, 'allrounder', false),
  ('00000000-0000-0000-0002-00000000003e', '00000000-0000-0000-0001-000000000005', 'Player 6',  6, 'allrounder', false),
  ('00000000-0000-0000-0002-00000000003f', '00000000-0000-0000-0001-000000000005', 'Player 7',  7, 'allrounder', false),
  ('00000000-0000-0000-0002-000000000040', '00000000-0000-0000-0001-000000000005', 'Player 8',  8, 'allrounder', false),
  ('00000000-0000-0000-0002-000000000041', '00000000-0000-0000-0001-000000000005', 'Player 9',  9, 'allrounder', false),
  ('00000000-0000-0000-0002-000000000042', '00000000-0000-0000-0001-000000000005', 'Player 10', 10,'allrounder', false),
  ('00000000-0000-0000-0002-000000000043', '00000000-0000-0000-0001-000000000005', 'Player 11', 11,'allrounder', false),
  ('00000000-0000-0000-0002-000000000044', '00000000-0000-0000-0001-000000000005', 'Player 12', 12,'allrounder', false),
  ('00000000-0000-0000-0002-000000000045', '00000000-0000-0000-0001-000000000005', 'Player 13', 13,'allrounder', false),
  ('00000000-0000-0000-0002-000000000046', '00000000-0000-0000-0001-000000000005', 'Player 14', 14,'allrounder', false)
on conflict (id) do nothing;

-- ── Players — Anita Stars (71–84) ─────────────────────────────────────────
insert into players (id, team_id, name, jersey_number, role, is_captain) values
  ('00000000-0000-0000-0002-000000000047', '00000000-0000-0000-0001-000000000006', 'Yashvi Shah', 1, 'allrounder', true),
  ('00000000-0000-0000-0002-000000000048', '00000000-0000-0000-0001-000000000006', 'Player 2',  2, 'allrounder', false),
  ('00000000-0000-0000-0002-000000000049', '00000000-0000-0000-0001-000000000006', 'Player 3',  3, 'allrounder', false),
  ('00000000-0000-0000-0002-00000000004a', '00000000-0000-0000-0001-000000000006', 'Player 4',  4, 'allrounder', false),
  ('00000000-0000-0000-0002-00000000004b', '00000000-0000-0000-0001-000000000006', 'Player 5',  5, 'allrounder', false),
  ('00000000-0000-0000-0002-00000000004c', '00000000-0000-0000-0001-000000000006', 'Player 6',  6, 'allrounder', false),
  ('00000000-0000-0000-0002-00000000004d', '00000000-0000-0000-0001-000000000006', 'Player 7',  7, 'allrounder', false),
  ('00000000-0000-0000-0002-00000000004e', '00000000-0000-0000-0001-000000000006', 'Player 8',  8, 'allrounder', false),
  ('00000000-0000-0000-0002-00000000004f', '00000000-0000-0000-0001-000000000006', 'Player 9',  9, 'allrounder', false),
  ('00000000-0000-0000-0002-000000000050', '00000000-0000-0000-0001-000000000006', 'Player 10', 10,'allrounder', false),
  ('00000000-0000-0000-0002-000000000051', '00000000-0000-0000-0001-000000000006', 'Player 11', 11,'allrounder', false),
  ('00000000-0000-0000-0002-000000000052', '00000000-0000-0000-0001-000000000006', 'Player 12', 12,'allrounder', false),
  ('00000000-0000-0000-0002-000000000053', '00000000-0000-0000-0001-000000000006', 'Player 13', 13,'allrounder', false),
  ('00000000-0000-0000-0002-000000000054', '00000000-0000-0000-0001-000000000006', 'Player 14', 14,'allrounder', false)
on conflict (id) do nothing;

-- ── Demo Match ─────────────────────────────────────────────────────────────
-- Replace scorer_user_id with the UUID of the scorer account you create
-- in Authentication → Users in your Supabase dashboard.
insert into matches (id, tournament_id, name, home_team_id, away_team_id, status, scorer_user_id) values
  (
    '00000000-0000-0000-0004-000000000001',
    '00000000-0000-0000-0000-000000000001',
    'Sparkle Strikers vs Nishant''s Angles',
    '00000000-0000-0000-0001-000000000001',
    '00000000-0000-0000-0001-000000000002',
    'live',
    null  -- <-- replace with scorer user UUID after creating them in Auth dashboard
  )
on conflict (id) do nothing;

-- ── Batting Pairs — Sparkle Strikers (pair indexes 1–6) ───────────────────
insert into pairs (id, match_id, team_id, pair_number, player1_id, player2_id) values
  ('00000000-0000-0000-0003-000000000001', '00000000-0000-0000-0004-000000000001', '00000000-0000-0000-0001-000000000001', 1, '00000000-0000-0000-0002-000000000001', '00000000-0000-0000-0002-000000000002'),
  ('00000000-0000-0000-0003-000000000002', '00000000-0000-0000-0004-000000000001', '00000000-0000-0000-0001-000000000001', 2, '00000000-0000-0000-0002-000000000003', '00000000-0000-0000-0002-000000000004'),
  ('00000000-0000-0000-0003-000000000003', '00000000-0000-0000-0004-000000000001', '00000000-0000-0000-0001-000000000001', 3, '00000000-0000-0000-0002-000000000005', '00000000-0000-0000-0002-000000000006'),
  ('00000000-0000-0000-0003-000000000004', '00000000-0000-0000-0004-000000000001', '00000000-0000-0000-0001-000000000001', 4, '00000000-0000-0000-0002-000000000007', '00000000-0000-0000-0002-000000000008'),
  ('00000000-0000-0000-0003-000000000005', '00000000-0000-0000-0004-000000000001', '00000000-0000-0000-0001-000000000001', 5, '00000000-0000-0000-0002-000000000009', '00000000-0000-0000-0002-00000000000a'),
  ('00000000-0000-0000-0003-000000000006', '00000000-0000-0000-0004-000000000001', '00000000-0000-0000-0001-000000000001', 6, '00000000-0000-0000-0002-00000000000b', '00000000-0000-0000-0002-00000000000c')
on conflict (id) do nothing;

-- ── Batting Pairs — Nishant's Angles (pair indexes 7–12) ──────────────────
insert into pairs (id, match_id, team_id, pair_number, player1_id, player2_id) values
  ('00000000-0000-0000-0003-000000000007', '00000000-0000-0000-0004-000000000001', '00000000-0000-0000-0001-000000000002', 1, '00000000-0000-0000-0002-00000000000f', '00000000-0000-0000-0002-000000000010'),
  ('00000000-0000-0000-0003-000000000008', '00000000-0000-0000-0004-000000000001', '00000000-0000-0000-0001-000000000002', 2, '00000000-0000-0000-0002-000000000011', '00000000-0000-0000-0002-000000000012'),
  ('00000000-0000-0000-0003-000000000009', '00000000-0000-0000-0004-000000000001', '00000000-0000-0000-0001-000000000002', 3, '00000000-0000-0000-0002-000000000013', '00000000-0000-0000-0002-000000000014'),
  ('00000000-0000-0000-0003-00000000000a', '00000000-0000-0000-0004-000000000001', '00000000-0000-0000-0001-000000000002', 4, '00000000-0000-0000-0002-000000000015', '00000000-0000-0000-0002-000000000016'),
  ('00000000-0000-0000-0003-00000000000b', '00000000-0000-0000-0004-000000000001', '00000000-0000-0000-0001-000000000002', 5, '00000000-0000-0000-0002-000000000017', '00000000-0000-0000-0002-000000000018'),
  ('00000000-0000-0000-0003-00000000000c', '00000000-0000-0000-0004-000000000001', '00000000-0000-0000-0001-000000000002', 6, '00000000-0000-0000-0002-000000000019', '00000000-0000-0000-0002-00000000001a')
on conflict (id) do nothing;

-- ── Innings — Sparkle Strikers bat first ──────────────────────────────────
insert into innings (id, match_id, innings_number, batting_team_id, bowling_team_id, status) values
  (
    '00000000-0000-0000-0005-000000000001',
    '00000000-0000-0000-0004-000000000001',
    1,
    '00000000-0000-0000-0001-000000000001',
    '00000000-0000-0000-0001-000000000002',
    'not_started'
  )
on conflict (id) do nothing;

-- ── Scorer account ────────────────────────────────────────────────────────
-- Create a scorer account in:
--   Supabase Dashboard → Authentication → Users → Add user
--   Email: scorer@cricketapp.local
--   Password: Cricket2026!
--
-- Then update the match row:
--   update matches
--   set scorer_user_id = '<UUID from Auth dashboard>'
--   where id = '00000000-0000-0000-0004-000000000001';
