-- ============================================================
-- MEN'S +50 TOURNAMENT — Seed Data (auto-generated from mensData.ts)
-- Run in Supabase SQL editor AFTER 001_initial_schema.sql.
-- Idempotent: safe to re-run.
-- ============================================================

insert into teams (id, name, short_name) values
  ('00000000-0000-0000-0001-000000000065', 'MN Warriors', 'MNW'),
  ('00000000-0000-0000-0001-000000000066', 'Antwerp Sunrisers', 'SUN'),
  ('00000000-0000-0000-0001-000000000067', 'Mumbai Indians', 'MI'),
  ('00000000-0000-0000-0001-000000000068', 'Sparkle Strikers', 'SPK')
on conflict (id) do nothing;

insert into players (id, team_id, name, jersey_number, role, is_captain) values
  ('00000000-0000-0000-0002-000000000065', '00000000-0000-0000-0001-000000000065', 'Manish Mehta', 1, 'allrounder', true),
  ('00000000-0000-0000-0002-000000000066', '00000000-0000-0000-0001-000000000065', 'Yatish Shah', 2, 'allrounder', false),
  ('00000000-0000-0000-0002-000000000067', '00000000-0000-0000-0001-000000000065', 'Sunil Jhaveri', 3, 'allrounder', false),
  ('00000000-0000-0000-0002-000000000068', '00000000-0000-0000-0001-000000000065', 'Bobby', 4, 'allrounder', false),
  ('00000000-0000-0000-0002-000000000069', '00000000-0000-0000-0001-000000000065', 'Siddharth Kothari', 5, 'allrounder', false),
  ('00000000-0000-0000-0002-00000000006a', '00000000-0000-0000-0001-000000000065', 'Ankur Shah', 6, 'allrounder', false),
  ('00000000-0000-0000-0002-00000000006b', '00000000-0000-0000-0001-000000000065', 'Sanjay Parakh', 7, 'allrounder', false),
  ('00000000-0000-0000-0002-00000000006c', '00000000-0000-0000-0001-000000000065', 'Naresh Shah', 8, 'allrounder', false),
  ('00000000-0000-0000-0002-00000000006d', '00000000-0000-0000-0001-000000000065', 'Samir Patel', 9, 'allrounder', false),
  ('00000000-0000-0000-0002-00000000006e', '00000000-0000-0000-0001-000000000065', 'Shasin Choksi', 10, 'allrounder', false),
  ('00000000-0000-0000-0002-00000000006f', '00000000-0000-0000-0001-000000000065', 'Mansukh Patel', 11, 'allrounder', false),
  ('00000000-0000-0000-0002-000000000070', '00000000-0000-0000-0001-000000000065', 'Shailesh Shah', 12, 'allrounder', false),
  ('00000000-0000-0000-0002-000000000079', '00000000-0000-0000-0001-000000000066', 'Naresh Jain', 1, 'allrounder', true),
  ('00000000-0000-0000-0002-00000000007a', '00000000-0000-0000-0001-000000000066', 'Ketan Khimani', 2, 'allrounder', false),
  ('00000000-0000-0000-0002-00000000007b', '00000000-0000-0000-0001-000000000066', 'Promit Shah', 3, 'allrounder', false),
  ('00000000-0000-0000-0002-00000000007c', '00000000-0000-0000-0001-000000000066', 'Arpan Javeri', 4, 'allrounder', false),
  ('00000000-0000-0000-0002-00000000007d', '00000000-0000-0000-0001-000000000066', 'Mihir D Navin', 5, 'allrounder', false),
  ('00000000-0000-0000-0002-00000000007e', '00000000-0000-0000-0001-000000000066', 'Rajiv Kothari', 6, 'allrounder', false),
  ('00000000-0000-0000-0002-00000000007f', '00000000-0000-0000-0001-000000000066', 'Samir Bhansali', 7, 'allrounder', false),
  ('00000000-0000-0000-0002-000000000080', '00000000-0000-0000-0001-000000000066', 'Sanjiv Mehta', 8, 'allrounder', false),
  ('00000000-0000-0000-0002-000000000081', '00000000-0000-0000-0001-000000000066', 'Pankaj Shah', 9, 'allrounder', false),
  ('00000000-0000-0000-0002-000000000082', '00000000-0000-0000-0001-000000000066', 'Divyesh Shah', 10, 'allrounder', false),
  ('00000000-0000-0000-0002-000000000083', '00000000-0000-0000-0001-000000000066', 'Himanshu Shah', 11, 'allrounder', false),
  ('00000000-0000-0000-0002-00000000008d', '00000000-0000-0000-0001-000000000067', 'Kishore Kakadiya', 1, 'allrounder', true),
  ('00000000-0000-0000-0002-00000000008e', '00000000-0000-0000-0001-000000000067', 'Bunty', 2, 'allrounder', false),
  ('00000000-0000-0000-0002-00000000008f', '00000000-0000-0000-0001-000000000067', 'Nimesh Modi', 3, 'allrounder', false),
  ('00000000-0000-0000-0002-000000000090', '00000000-0000-0000-0001-000000000067', 'Manish Shah', 4, 'allrounder', false),
  ('00000000-0000-0000-0002-000000000091', '00000000-0000-0000-0001-000000000067', 'Vimesh', 5, 'allrounder', false),
  ('00000000-0000-0000-0002-000000000092', '00000000-0000-0000-0001-000000000067', 'Samir Seth', 6, 'allrounder', false),
  ('00000000-0000-0000-0002-000000000093', '00000000-0000-0000-0001-000000000067', 'Samir Javeri', 7, 'allrounder', false),
  ('00000000-0000-0000-0002-000000000094', '00000000-0000-0000-0001-000000000067', 'Rahul Zaveri', 8, 'allrounder', false),
  ('00000000-0000-0000-0002-000000000095', '00000000-0000-0000-0001-000000000067', 'MK', 9, 'allrounder', false),
  ('00000000-0000-0000-0002-000000000096', '00000000-0000-0000-0001-000000000067', 'Milan', 10, 'allrounder', false),
  ('00000000-0000-0000-0002-0000000000a1', '00000000-0000-0000-0001-000000000068', 'Nimish Daftary', 1, 'allrounder', true),
  ('00000000-0000-0000-0002-0000000000a2', '00000000-0000-0000-0001-000000000068', 'Ashish Parikh', 2, 'allrounder', false),
  ('00000000-0000-0000-0002-0000000000a3', '00000000-0000-0000-0001-000000000068', 'Haresh Mehta', 3, 'allrounder', false),
  ('00000000-0000-0000-0002-0000000000a4', '00000000-0000-0000-0001-000000000068', 'Bhavesh Morakhia', 4, 'allrounder', false),
  ('00000000-0000-0000-0002-0000000000a5', '00000000-0000-0000-0001-000000000068', 'Ketan Kediam', 5, 'allrounder', false),
  ('00000000-0000-0000-0002-0000000000a6', '00000000-0000-0000-0001-000000000068', 'Chetan Shah', 6, 'allrounder', false),
  ('00000000-0000-0000-0002-0000000000a7', '00000000-0000-0000-0001-000000000068', 'Pankaj Parekh', 7, 'allrounder', false),
  ('00000000-0000-0000-0002-0000000000a8', '00000000-0000-0000-0001-000000000068', 'Chetan Mehta', 8, 'allrounder', false),
  ('00000000-0000-0000-0002-0000000000a9', '00000000-0000-0000-0001-000000000068', 'Jitu Bagadia', 9, 'allrounder', false),
  ('00000000-0000-0000-0002-0000000000aa', '00000000-0000-0000-0001-000000000068', 'Mukesh Shah', 10, 'allrounder', false),
  ('00000000-0000-0000-0002-0000000000ab', '00000000-0000-0000-0001-000000000068', 'Sandeep Shah', 11, 'allrounder', false),
  ('00000000-0000-0000-0002-0000000000ac', '00000000-0000-0000-0001-000000000068', 'Ajit Barmecha', 12, 'allrounder', false)
on conflict (id) do nothing;

insert into matches (id, home_team_id, away_team_id, name, status) values
  ('00000000-0000-0000-0004-000000000065', '00000000-0000-0000-0001-000000000065', '00000000-0000-0000-0001-000000000066', 'Round Robin', 'scheduled'),
  ('00000000-0000-0000-0004-000000000066', '00000000-0000-0000-0001-000000000067', '00000000-0000-0000-0001-000000000068', 'Round Robin', 'scheduled'),
  ('00000000-0000-0000-0004-000000000067', '00000000-0000-0000-0001-000000000065', '00000000-0000-0000-0001-000000000067', 'Round Robin', 'scheduled'),
  ('00000000-0000-0000-0004-000000000068', '00000000-0000-0000-0001-000000000066', '00000000-0000-0000-0001-000000000068', 'Round Robin', 'scheduled'),
  ('00000000-0000-0000-0004-000000000069', '00000000-0000-0000-0001-000000000066', '00000000-0000-0000-0001-000000000067', 'Round Robin', 'scheduled'),
  ('00000000-0000-0000-0004-00000000006a', '00000000-0000-0000-0001-000000000065', '00000000-0000-0000-0001-000000000068', 'Round Robin', 'scheduled'),
  ('00000000-0000-0000-0004-00000000006b', '00000000-0000-0000-0001-000000000065', '00000000-0000-0000-0001-000000000066', 'Final', 'scheduled')
on conflict (id) do nothing;

insert into innings (id, match_id, innings_number, batting_team_id, bowling_team_id, status) values
  ('00000000-0000-0000-0005-000000000065', '00000000-0000-0000-0004-000000000065', 1, '00000000-0000-0000-0001-000000000065', '00000000-0000-0000-0001-000000000066', 'not_started'),
  ('00000000-0000-0000-0005-000000000066', '00000000-0000-0000-0004-000000000065', 2, '00000000-0000-0000-0001-000000000066', '00000000-0000-0000-0001-000000000065', 'not_started'),
  ('00000000-0000-0000-0005-000000000067', '00000000-0000-0000-0004-000000000066', 1, '00000000-0000-0000-0001-000000000067', '00000000-0000-0000-0001-000000000068', 'not_started'),
  ('00000000-0000-0000-0005-000000000068', '00000000-0000-0000-0004-000000000066', 2, '00000000-0000-0000-0001-000000000068', '00000000-0000-0000-0001-000000000067', 'not_started'),
  ('00000000-0000-0000-0005-000000000069', '00000000-0000-0000-0004-000000000067', 1, '00000000-0000-0000-0001-000000000065', '00000000-0000-0000-0001-000000000067', 'not_started'),
  ('00000000-0000-0000-0005-00000000006a', '00000000-0000-0000-0004-000000000067', 2, '00000000-0000-0000-0001-000000000067', '00000000-0000-0000-0001-000000000065', 'not_started'),
  ('00000000-0000-0000-0005-00000000006b', '00000000-0000-0000-0004-000000000068', 1, '00000000-0000-0000-0001-000000000066', '00000000-0000-0000-0001-000000000068', 'not_started'),
  ('00000000-0000-0000-0005-00000000006c', '00000000-0000-0000-0004-000000000068', 2, '00000000-0000-0000-0001-000000000068', '00000000-0000-0000-0001-000000000066', 'not_started'),
  ('00000000-0000-0000-0005-00000000006d', '00000000-0000-0000-0004-000000000069', 1, '00000000-0000-0000-0001-000000000066', '00000000-0000-0000-0001-000000000067', 'not_started'),
  ('00000000-0000-0000-0005-00000000006e', '00000000-0000-0000-0004-000000000069', 2, '00000000-0000-0000-0001-000000000067', '00000000-0000-0000-0001-000000000066', 'not_started'),
  ('00000000-0000-0000-0005-00000000006f', '00000000-0000-0000-0004-00000000006a', 1, '00000000-0000-0000-0001-000000000065', '00000000-0000-0000-0001-000000000068', 'not_started'),
  ('00000000-0000-0000-0005-000000000070', '00000000-0000-0000-0004-00000000006a', 2, '00000000-0000-0000-0001-000000000068', '00000000-0000-0000-0001-000000000065', 'not_started'),
  ('00000000-0000-0000-0005-000000000071', '00000000-0000-0000-0004-00000000006b', 1, '00000000-0000-0000-0001-000000000065', '00000000-0000-0000-0001-000000000066', 'not_started'),
  ('00000000-0000-0000-0005-000000000072', '00000000-0000-0000-0004-00000000006b', 2, '00000000-0000-0000-0001-000000000066', '00000000-0000-0000-0001-000000000065', 'not_started')
on conflict (id) do nothing;

insert into pairs (id, match_id, team_id, pair_number, player1_id, player2_id) values
  ('00000000-0000-0000-0003-000000000065', '00000000-0000-0000-0004-000000000065', '00000000-0000-0000-0001-000000000065', 1, '00000000-0000-0000-0002-000000000065', '00000000-0000-0000-0002-000000000066'),
  ('00000000-0000-0000-0003-000000000066', '00000000-0000-0000-0004-000000000065', '00000000-0000-0000-0001-000000000065', 2, '00000000-0000-0000-0002-000000000067', '00000000-0000-0000-0002-000000000068'),
  ('00000000-0000-0000-0003-000000000067', '00000000-0000-0000-0004-000000000065', '00000000-0000-0000-0001-000000000065', 3, '00000000-0000-0000-0002-000000000069', '00000000-0000-0000-0002-00000000006a'),
  ('00000000-0000-0000-0003-000000000068', '00000000-0000-0000-0004-000000000065', '00000000-0000-0000-0001-000000000065', 4, '00000000-0000-0000-0002-00000000006b', '00000000-0000-0000-0002-00000000006c'),
  ('00000000-0000-0000-0003-000000000069', '00000000-0000-0000-0004-000000000065', '00000000-0000-0000-0001-000000000065', 5, '00000000-0000-0000-0002-00000000006d', '00000000-0000-0000-0002-00000000006e'),
  ('00000000-0000-0000-0003-00000000006f', '00000000-0000-0000-0004-000000000065', '00000000-0000-0000-0001-000000000066', 1, '00000000-0000-0000-0002-000000000079', '00000000-0000-0000-0002-00000000007a'),
  ('00000000-0000-0000-0003-000000000070', '00000000-0000-0000-0004-000000000065', '00000000-0000-0000-0001-000000000066', 2, '00000000-0000-0000-0002-00000000007b', '00000000-0000-0000-0002-00000000007c'),
  ('00000000-0000-0000-0003-000000000071', '00000000-0000-0000-0004-000000000065', '00000000-0000-0000-0001-000000000066', 3, '00000000-0000-0000-0002-00000000007d', '00000000-0000-0000-0002-00000000007e'),
  ('00000000-0000-0000-0003-000000000072', '00000000-0000-0000-0004-000000000065', '00000000-0000-0000-0001-000000000066', 4, '00000000-0000-0000-0002-00000000007f', '00000000-0000-0000-0002-000000000080'),
  ('00000000-0000-0000-0003-000000000073', '00000000-0000-0000-0004-000000000065', '00000000-0000-0000-0001-000000000066', 5, '00000000-0000-0000-0002-000000000081', '00000000-0000-0000-0002-000000000082'),
  ('00000000-0000-0000-0003-000000000079', '00000000-0000-0000-0004-000000000065', '00000000-0000-0000-0001-000000000067', 1, '00000000-0000-0000-0002-00000000008d', '00000000-0000-0000-0002-00000000008e'),
  ('00000000-0000-0000-0003-00000000007a', '00000000-0000-0000-0004-000000000065', '00000000-0000-0000-0001-000000000067', 2, '00000000-0000-0000-0002-00000000008f', '00000000-0000-0000-0002-000000000090'),
  ('00000000-0000-0000-0003-00000000007b', '00000000-0000-0000-0004-000000000065', '00000000-0000-0000-0001-000000000067', 3, '00000000-0000-0000-0002-000000000091', '00000000-0000-0000-0002-000000000092'),
  ('00000000-0000-0000-0003-00000000007c', '00000000-0000-0000-0004-000000000065', '00000000-0000-0000-0001-000000000067', 4, '00000000-0000-0000-0002-000000000093', '00000000-0000-0000-0002-000000000094'),
  ('00000000-0000-0000-0003-00000000007d', '00000000-0000-0000-0004-000000000065', '00000000-0000-0000-0001-000000000067', 5, '00000000-0000-0000-0002-000000000095', '00000000-0000-0000-0002-000000000096'),
  ('00000000-0000-0000-0003-000000000083', '00000000-0000-0000-0004-000000000065', '00000000-0000-0000-0001-000000000068', 1, '00000000-0000-0000-0002-0000000000a1', '00000000-0000-0000-0002-0000000000a2'),
  ('00000000-0000-0000-0003-000000000084', '00000000-0000-0000-0004-000000000065', '00000000-0000-0000-0001-000000000068', 2, '00000000-0000-0000-0002-0000000000a3', '00000000-0000-0000-0002-0000000000a4'),
  ('00000000-0000-0000-0003-000000000085', '00000000-0000-0000-0004-000000000065', '00000000-0000-0000-0001-000000000068', 3, '00000000-0000-0000-0002-0000000000a5', '00000000-0000-0000-0002-0000000000a6'),
  ('00000000-0000-0000-0003-000000000086', '00000000-0000-0000-0004-000000000065', '00000000-0000-0000-0001-000000000068', 4, '00000000-0000-0000-0002-0000000000a7', '00000000-0000-0000-0002-0000000000a8'),
  ('00000000-0000-0000-0003-000000000087', '00000000-0000-0000-0004-000000000065', '00000000-0000-0000-0001-000000000068', 5, '00000000-0000-0000-0002-0000000000a9', '00000000-0000-0000-0002-0000000000aa')
on conflict (id) do nothing;

-- RLS policies for deliveries were created by the women's seed; men's shares them.

